model,accuracy_mean,accuracy_std,precision_mean,precision_std,recall_mean,recall_std,f1_mean,f1_std,roc_auc_mean,roc_auc_std,average_precision_mean,average_precision_std
Logistic Regression,0.9754200315603825,0.012122587105791633,0.9730158730158731,0.03510054664681902,0.9623742454728371,0.04060051077572659,0.9668335827481678,0.01642082402563315,0.9938775510204082,0.005007732070182209,0.9926627334125556,0.005319933851599912
Random Forest,0.9525758841548315,0.03197345585433111,0.956293157564344,0.010971821287513131,0.9153588195841716,0.0974643678190026,0.9332348402770938,0.048903389725677635,0.9907250224033275,0.01039302428821657,0.9866906604375817,0.014346609438486537
RBF SVM,0.9754107490949596,0.007994046072318479,0.9676171862423701,0.019901771237589207,0.9670690811535883,0.032468848059730264,0.966920794921688,0.011167182074682798,0.9950983210185482,0.005291034870569156,0.9944307242484656,0.004904950232693513
